{"cameraMode":{"drawMode":0,"name":"Shaded","section":"Shading Mode"},"sceneLighting":true,"audioPlay":false,"sceneViewState":{"showFog":true,"showMaterialUpdate":false,"showSkybox":true,"showFlares":true,"showImageEffects":true,"showParticleSystems":true,"showVisualEffectGraphs":true,"m_FxEnabled":true},"in2DMode":false,"pivot":{"x":-10.008490562438965,"y":1.6962294578552247,"z":14.781635284423829},"rotation":{"x":0.021467182785272599,"y":0.2991662919521332,"z":-0.006732380948960781,"w":0.9539355635643005},"size":20.63539695739746,"orthographic":false}