{"cameraMode":{"drawMode":0,"name":"Shaded","section":"Shading Mode"},"sceneLighting":false,"audioPlay":false,"sceneViewState":{"showFog":true,"showMaterialUpdate":false,"showSkybox":false,"showFlares":true,"showImageEffects":true,"showParticleSystems":true,"showVisualEffectGraphs":true,"m_FxEnabled":true},"in2DMode":false,"pivot":{"x":0.11659097671508789,"y":1.5717380046844483,"z":0.9835660457611084},"rotation":{"x":0.025759659707546235,"y":0.29913294315338137,"z":-0.008078555576503277,"w":0.953829288482666},"size":2.6973021030426027,"orthographic":false}