{"cameraMode":{"drawMode":0,"name":"Shaded","section":"Shading Mode"},"sceneLighting":false,"audioPlay":false,"sceneViewState":{"showFog":true,"showMaterialUpdate":false,"showSkybox":false,"showFlares":true,"showImageEffects":true,"showParticleSystems":true,"showVisualEffectGraphs":true,"m_FxEnabled":true},"in2DMode":false,"pivot":{"x":0.29133105278015139,"y":1.8459079265594483,"z":-7.267819881439209},"rotation":{"x":0.025759659707546235,"y":0.29913294315338137,"z":-0.008078555576503277,"w":0.953829288482666},"size":2.7405102252960207,"orthographic":false}